id;uid;email;user_name;password;profile_pic_i_url
1;5200;Raphael.Cormier@gmail.com;meanwhile alongside;movie fearful;yellow whoever
2;8806;Hank_Schultz@gmail.com;however;inasmuch;third or fondly
3;19510;Sallie_MacGyver30@gmail.com;huzzah meh often;tremendously versus woot;apropos dry ha
4;21873;Jayne.Cruickshank@gmail.com;er overlie;vivaciously;wisely into since
5;9704;Jarod_Smith@gmail.com;truly nuke whenever;yet when;whoever
6;12471;Wilson1@gmail.com;work pfft whose;inasmuch drat as;along accusation qua
7;29170;Bobby67@gmail.com;phooey kibitz;whose embossing before;famously tepid pointless
8;30142;Billy.Wolff@yahoo.com;enroll split;innocently traduce;pfft plot
9;22989;Kara.Bahringer@gmail.com;terrific;backpack;webbed
10;903;Vern_Wisozk@hotmail.com;airbag brr;hence um meanwhile;tick teeming
