id;uid;email;user_name;pass_word;profile_pic_i_url
1;6342;Nigel.Bashirian@gmail.com;mainland expensive athwart;rant rigid yippee;dialogue
2;16526;Maud.Huels10@hotmail.com;from whirlwind yahoo;why enormously on;although reanimate finally
3;22657;Anthony98@yahoo.com;warmly delegate;glower contribute leap;among
4;10736;Antonina50@gmail.com;kiddingly manor;burgle;usable scarily ascend
5;27044;Lauren93@hotmail.com;metallic regularly;bumpy ah geez;gee jacket inasmuch
6;14884;Sandrine9@yahoo.com;upbeat beside gamma-ray;accomplished;hydrogen warmly ack
7;32050;Macy_Barrows37@yahoo.com;phooey;excited;frightened
8;20403;Otilia_Franey92@yahoo.com;flatter ack happy;commonly um;yet
9;9543;Albertha.Borer@yahoo.com;upliftingly fit bah;woman rundown;gadzooks plastic
10;2904;Jany.Fisher74@gmail.com;teleconference woof mid;physically;who
